<?xml version="1.0"?>
<config xmlns:xsi="http://www.w3.org/2001/XMLSchema-instance" xsi:noNamespaceSchemaLocation="urn:magento:module:Magento_Config:etc/system_file.xsd">
    <system>
        <section id="generateorderscsv" translate="label" sortOrder="30" showInDefault="1" showInWebsite="1" showInStore="1">
            <class>separator-top</class>
            <label>Generate Orders CSV Cron Job Settings</label>
            <tab>neatideas</tab>
            <resource>Magento_Backend::content</resource>
            <group id="general" translate="label" type="text" sortOrder="10" showInDefault="1" showInWebsite="1" showInStore="1">
                <label>General Configuration</label>
                <field id="toemail" translate="label" type="text" sortOrder="50" showInDefault="1" showInWebsite="1" showInStore="1">
                    <label>Delivery Email Address</label>
                </field>
                <field id="toname" translate="label" type="text" sortOrder="50" showInDefault="1" showInWebsite="1" showInStore="1">
                    <label>Delivery Name</label>
                </field>
                <field id="tosubject" translate="label" type="text" sortOrder="50" showInDefault="1" showInWebsite="1" showInStore="1">
                    <label>Delivery Email Subject</label>
                </field>
            </group>
        </section>
    </system>
</config>

