<?xml version="1.0"?>
<config xmlns:xsi="http://www.w3.org/2001/XMLSchema-instance" xsi:noNamespaceSchemaLocation="urn:magento:framework:ObjectManager/etc/config.xsd">

    <virtualType name="Serole\Serialcode\Model\ResourceModel\OrderitemSerialcode\Collection" type="Magento\Framework\View\Element\UiComponent\DataProvider\SearchResult">
        <arguments>
            <argument name="mainTable" xsi:type="string">order_item_serialcode</argument>
            <argument name="resourceModel" xsi:type="string">Serole\Serialcode\Model\ResourceModel\OrderitemSerialcode</argument>
        </arguments>
    </virtualType>
    <type name="Magento\Framework\View\Element\UiComponent\DataProvider\CollectionFactory">
        <arguments>
            <argument name="collections" xsi:type="array">
                <item name="serial_codes_list_data_source" xsi:type="string">Serole\Serialcode\Model\ResourceModel\OrderitemSerialcode\Collection</item>
            </argument>
        </arguments>
    </type>

</config>
