<?xml version="1.0"?>
<config xmlns:xsi="http://www.w3.org/2001/XMLSchema-instance" xsi:noNamespaceSchemaLocation="urn:magento:framework:Acl/etc/acl.xsd">
    <acl>
        <resources>
            <resource id="Magento_Backend::admin">
                <resource id="Magento_Backend::content">
                    <resource id="Serole_GiftMessage::blog_content" title="Blog" sortOrder="10" >
                        <resource id="Serole_GiftMessage::post" title="Blog Posts" sortOrder="40">
                            <resource id="Serole_GiftMessage::save" title="Save Blog Post" sortOrder="10" />
                            <resource id="Serole_GiftMessage::post_delete" title="Delete Blog Post" sortOrder="20" />
                        </resource>
                    </resource>
                </resource>
            </resource>
        </resources>
    </acl>
</config>
