<?xml version="1.0"?>
<config xmlns:xsi="http://www.w3.org/2001/XMLSchema-instance" xsi:noNamespaceSchemaLocation="urn:magento:module:Magento_Config:etc/system_file.xsd">
    <system>
        <section id="partnerreport" translate="label" sortOrder="120" showInDefault="1" showInWebsite="1" showInStore="1">
            <class>separator-top</class>
            <label>Partner Report Settings</label>
            <tab>neatideas</tab>
            <resource>Magento_Backend::content</resource>
            <group id="general" translate="label" type="text" sortOrder="10" showInDefault="1" showInWebsite="1" showInStore="1">
                <label>General Configuration</label>
                <field id="enable" translate="label" type="textarea" sortOrder="10" showInDefault="1" showInWebsite="1" showInStore="1">
                    <label>Sku's</label>
                    <!--<source_model>Magento\Config\Model\Config\Source\Yesno</source_model>-->
                </field>
            </group>
        </section>
    </system>
</config>

