<?xml version="1.0"?>
<config xmlns:xsi="http://www.w3.org/2001/XMLSchema-instance" xsi:noNamespaceSchemaLocation="urn:magento:module:Magento_Cron:etc/crontab.xsd">
    <group id="default">
           <job name="clearkiosktestorders" instance="Serole\Clearkiosktestorders\Cron\Orders" method="cleartestorders">
               <schedule>*/5 * * * *</schedule>
           </job>
           <job name="clearkioskfailedorders" instance="Serole\Clearkiosktestorders\Cron\Orders" method="clearfailedorders">
               <schedule>*/10 * * * *</schedule>
           </job>
    </group>
</config>